"period","model","point_forecast","lower_80","upper_80","lower_95","upper_95"
49,"MAM",91.6686548966828,80.1345362090144,103.202773584351,74.028742598941,109.308567194425
50,"MAM",73.2848883010998,64.0638888329972,82.5058877692023,59.1825865718175,87.387190030382
51,"MAM",59.8365962447057,52.3077146155267,67.3654778738847,48.3221654299102,71.3510270595011
52,"MAM",69.9735192784772,61.1691683743046,78.7778701826498,56.5084265398188,83.4386120171356
