"period","model","point_forecast","lower_80","upper_80","lower_95","upper_95"
49,"MAM",76.8304078871634,64.8013377903949,88.859477983932,58.433532731262,95.2272830430649
50,"MAM",75.9155958331782,63.8675011492201,87.9636905171362,57.4896250819728,94.3415665843835
51,"MAM",75.9958085032566,63.7718947622636,88.2197222442495,57.3009457083372,94.6906712981759
52,"MAM",73.0664594570064,61.1562287950002,84.9766901190126,54.8513335325362,91.2815853814766
