"period","model","point_forecast","lower_80","upper_80","lower_95","upper_95"
49,"MAM",92.0259745563451,89.5868580187662,94.465091093924,88.2956677186962,95.756281393994
50,"MAM",76.0200531001131,74.002165137354,78.0379410628722,72.9339597752893,79.1061464249369
51,"MAM",60.462624901053,58.8524956516487,62.0727541504573,58.0001447136515,62.9251050884545
52,"MAM",74.9946452936343,72.9862438521965,77.0030467350721,71.9230603511715,78.0662302360971
