"period","model","point_forecast","lower_80","upper_80","lower_95","upper_95"
49,"MAM",114.508897276911,100.645016409434,128.372778144388,93.3059211995016,135.711873354321
50,"MAM",94.8401095180277,83.3498337772619,106.330385258793,77.2672492213255,112.41296981473
51,"MAM",80.5486177142182,70.7749074024076,90.3223280260287,65.6010176944438,95.4962177339926
52,"MAM",91.6340782870139,80.4849218523054,102.783234721722,74.5829149491224,108.685241624905
