"period","model","point_forecast","lower_80","upper_80","lower_95","upper_95"
49,"MAM",75.9257128939904,73.4306872988577,78.420738489123,72.1099005315065,79.7415252564742
50,"MAM",75.6049999591583,73.1179472436959,78.0920526746208,71.8013810638956,79.408618854421
51,"MAM",75.8239139295943,73.3270444519551,78.3207834072334,72.0052815921663,79.6425462670223
52,"MAM",74.579169212773,72.1206741902627,77.0376642352833,70.8192255399302,78.3391128856158
