"period","model","point_forecast","lower_80","upper_80","lower_95","upper_95"
49,"MNM",99.9716974062903,97.447434954772,102.495959857809,96.1111711305488,103.832223682032
50,"MNM",99.7763215600968,97.2569241653843,102.295718954809,95.9232357466656,103.629407373528
51,"MNM",100.445991949166,97.90961647924,102.982367419091,96.5669404104065,104.325043487925
52,"MNM",100.083304122308,97.5560185877746,102.610589656841,96.2181544400715,103.948453804544
