"period","model","point_forecast","lower_80","upper_80","lower_95","upper_95"
49,"MNM",120.308870553113,117.12601228174,123.491728824486,115.441108890214,125.176632216012
50,"MNM",100.104483738656,97.4561470892747,102.752820388038,96.0542023521874,104.154765125125
51,"MNM",79.9469344268925,77.8318803031006,82.0619885506843,76.7122382824394,83.1816305713456
52,"MNM",100.255114363879,97.6027925545845,102.907436173173,96.1987382012717,104.311490526486
