"period","model","point_forecast","lower_80","upper_80","lower_95","upper_95"
49,"MAM",124.706158846086,112.015522343468,137.396795348704,105.297505183796,144.114812508376
50,"MAM",129.342920027664,116.180426449153,142.505413606176,109.21262324194,149.473216813389
51,"MAM",126.844356396463,113.936126858433,139.752585934493,107.102922903723,146.585789889202
52,"MAM",127.626120485808,114.638334239164,140.613906732453,107.763015506876,147.489225464741
