"period","model","point_forecast","lower_80","upper_80","lower_95","upper_95"
49,"MAM",122.972455187167,110.044703579209,135.900206795125,103.201165264931,142.743745109403
50,"MAM",100.178270650312,89.6468078917413,110.709733408882,84.0717882688938,116.284753031729
51,"MAM",82.6964546321412,74.0028060837739,91.3901031805085,69.4006665365541,95.9922427277282
52,"MAM",102.923547552653,92.1034799831268,113.743615122179,86.3756822019918,119.471412903314
