"period","model","point_forecast","lower_80","upper_80","lower_95","upper_95"
49,"MNM",123.17973794627,119.324393727693,127.035082164846,117.283497779606,129.075978112933
50,"MNM",121.973848617021,117.833365918797,126.114331315245,115.641526777375,128.306170456667
51,"MNM",121.908146143734,117.470562381648,126.34572990582,115.121447437333,128.694844850135
52,"MNM",123.394645855401,118.619125839669,128.170165871133,116.091118248764,130.698173462038
