"period","model","point_forecast","lower_80","upper_80","lower_95","upper_95"
49,"MNM",119.57377897339,116.258569933416,122.888988013363,114.503604277136,124.643953669643
50,"MNM",99.9912075604174,97.2189295599519,102.763485560883,95.7513742348375,104.231040885997
51,"MNM",79.5650681151031,77.3591092670592,81.7710269631471,76.1913451922129,82.9387910379933
52,"MNM",99.2291117389671,96.4779629835547,101.98026049438,95.0215928051276,103.436630672807
