"period","model","point_forecast","lower_80","upper_80","lower_95","upper_95"
49,"MAM",149.913082021153,135.838612492121,163.987551550186,128.388038378694,171.438125663613
50,"MAM",119.45961657021,108.24098644201,130.678246698411,102.302202387032,136.617030753388
51,"MAM",95.2618403698586,86.3130557526319,104.210624987085,81.5758553289703,108.947825410747
52,"MAM",125.056236990978,113.30517861588,136.807295366076,107.084544072299,143.027929909657
