"period","model","point_forecast","lower_80","upper_80","lower_95","upper_95"
49,"MAM",101.301805294961,89.4592976269078,113.144312963013,83.1902527518842,119.413357838037
50,"MAM",95.3701327525354,84.2210373187606,106.51922818631,78.3190627075212,112.42120279755
51,"MAM",97.3947341925634,86.0089112786785,108.780557106448,79.9816207092351,114.807847675892
52,"MAM",97.0676221037893,85.7199607345872,108.415283472991,79.7128716666181,114.422372540961
