"period","model","point_forecast","lower_80","upper_80","lower_95","upper_95"
49,"MAM",144.358536047394,128.451068138433,160.266003956356,120.03016329593,168.686908798859
50,"MAM",126.750952009801,112.783735536332,140.718168483269,105.389937760921,148.111966258681
51,"MAM",101.023311810652,89.8911286710255,112.155494950278,83.998106887509,118.048516733794
52,"MAM",127.303180624362,113.275102260948,141.331258987775,105.849086147162,148.757275101561
