"period","model","point_forecast","lower_80","upper_80","lower_95","upper_95"
49,"MNM",127.13068967057,123.556142616959,130.705236724181,121.663891709035,132.597487632105
50,"MNM",127.705122864509,123.045974521405,132.364271207614,120.579570372804,134.830675356214
51,"MNM",128.092380196005,122.550672697163,133.634087694846,119.617069952855,136.567690439154
52,"MNM",126.411887308662,120.202812400489,132.620962216835,116.915926689895,135.907847927429
