"period","model","point_forecast","lower_80","upper_80","lower_95","upper_95"
49,"MNM",145.885389396911,140.843096233492,150.92768256033,138.173867468728,153.596911325093
50,"MNM",121.974871380278,117.438720031861,126.511022728695,115.037426559209,128.912316201347
51,"MNM",97.9698280255651,94.0861289459703,101.85352710516,92.0302228411553,103.909433209975
52,"MNM",122.18097511251,117.055304108394,127.306646116625,114.341937780915,130.020012444104
