"period","model","point_forecast","lower_80","upper_80","lower_95","upper_95"
49,"MAM",101.862120555667,91.8195560637921,111.904685047542,86.5033435499747,117.220897561359
50,"MAM",108.469720059371,97.7757135427294,119.163726576012,92.1146484519737,124.824791666768
51,"MAM",102.095411012248,92.0298458077513,112.160976216745,86.7014574521587,117.489364572338
52,"MAM",98.3853197972408,88.6855309324349,108.085108662047,83.5507728747505,113.219866719731
