"period","model","point_forecast","lower_80","upper_80","lower_95","upper_95"
49,"MAM",124.767123961234,112.487495236559,137.046752685909,105.987052451853,143.547195470615
50,"MAM",124.601208861055,112.337909320163,136.864508401947,105.846110683198,143.356307038912
51,"MAM",125.524206723246,113.170064823012,137.878348623481,106.630177145851,144.418236300642
52,"MAM",127.875026143241,115.289514681381,140.460537605101,108.627147356733,147.122904929749
