"period","model","point_forecast","lower_80","upper_80","lower_95","upper_95"
49,"MNM",146.427847186343,141.148735506902,151.706958865785,138.354142592434,154.501551780253
50,"MNM",122.392035072624,117.572548821625,127.211521323623,115.021266911664,129.762803233584
51,"MNM",98.7876627749383,94.5948136810847,102.980511868792,92.3752534443218,105.200072105555
52,"MNM",121.92764117215,116.404065187477,127.451217156822,113.480060686983,130.375221657316
