"period","model","point_forecast","lower_80","upper_80","lower_95","upper_95"
49,"MAM",89.1507413168751,77.4187443832513,100.882738250499,71.2082003572646,107.093282276486
50,"MAM",73.4367745289982,63.7725039061668,83.1010451518296,58.6565480700272,88.2170009879692
51,"MAM",59.4560309707225,51.6312744025802,67.2807875388648,47.489098485384,71.422963456061
52,"MAM",72.3902124193814,62.8624735211282,81.9179513176347,57.8187932141448,86.9616316246181
