"period","model","point_forecast","lower_80","upper_80","lower_95","upper_95"
49,"MAM",90.3679176188621,87.5432499985266,93.1925852391976,86.0479612839008,94.6878739538235
50,"MAM",75.0535777205979,72.7075830757246,77.3995723654711,71.4656885279212,78.6414669132746
51,"MAM",59.700459265715,57.8343544915517,61.5665640398784,56.8464982960024,62.5544202354276
52,"MAM",73.8624608194063,71.5536674623803,76.1712541764323,70.3314660867884,77.3934555520243
