"period","model","point_forecast","lower_80","upper_80","lower_95","upper_95"
49,"MAM",76.5124297153983,74.0011431366096,79.0237162941869,72.6717483244837,80.3531111063128
50,"MAM",75.2059397910462,72.7249057530242,77.6869738290682,71.4115256686034,79.000353913489
51,"MAM",75.0571743684881,72.56831731603,77.5460314209463,71.2507959779209,78.8635527590554
52,"MAM",74.2025524724402,71.7293200505637,76.6757848943167,70.4200698922603,77.9850350526201
