"period","model","point_forecast","lower_80","upper_80","lower_95","upper_95"
49,"MAM",76.5757830631038,67.3775144379769,85.7740516882308,62.5082451582109,90.6433209679968
50,"MAM",75.6507397323865,66.5635869502429,84.7378925145301,61.7531388446331,89.5483406201399
51,"MAM",80.2238118948702,70.5873420989145,89.8602816908258,65.486103131544,94.9615206581963
52,"MAM",79.1602856303286,69.651565673059,88.6690055875982,64.6179533852691,93.7026178753881
