"period","model","point_forecast","lower_80","upper_80","lower_95","upper_95"
49,"MNM",99.9934786062399,97.7229763891091,102.263980823371,96.521045118553,103.465912093927
50,"MNM",100.552722959705,98.2688402177886,102.836605701621,97.0598257252761,104.045620194134
51,"MNM",100.418119475374,98.1366130958769,102.69962585487,96.9288565736411,103.907382377106
52,"MNM",100.073706270824,97.7993465951025,102.348065946545,96.5953733093175,103.55203923233
